type;concept_search;id_annotation;paragraph_id;paragraph_text;chapter;concepts;mention;common_text;start;end;size
Ambigous;cuisine;316;27;"educat ergo subditum adulterato feta nido. ille, avidus ex natura, praeripit cibos reliquis pullis, itaque pinguescit et nitidus in se nutricem convertit. illa gaudet eius specie miraturque sese ipsam, quod talem pepererit; suos comparatione eius damnat ut alienos absumique etiam se inspectante patitur, donec corripiat ipsam quoque, iam volandi potens. nulla tunc avium suavitate carnis comparatur illi.";10;"cuisine ; ancient class : bird";nulla tunc avium suavitate carnis comparatur illi;nulla tunc avium suavitate carnis comparatur illi;355;404;49
Ambigous;cuisine;426;37;cliviam quoque avem ab antiquis nominatam animadverto ignorari _quidam clamatoriam dicunt, Labeo prohibitoriam_, et apud Nigidium super appellatur avis, quae aquilarum ova frangat. sunt praeterea conplura genera depicta in Etrusca disciplina saeculis non visa, quae nunc defecisse mirum est, cum abundent etiam quae gula humana populatur.;10;cuisine;quae nunc defecisse mirum est, cum abundent etiam quae gula humana populatur.;quae nunc defecisse mirum est, cum abundent etiam quae gula humana populatur.;261;338;77
Ambigous;cuisine;504;45;Pavonem cibi gratia Romae primus occidit orator Hortensius aditiali cena sacerdotii. saginare primus instituit circa novissimum piraticum bellum M. Aufidius Lurco exque eo quaestu reditus HS sexagena milia habuit.;10;cuisine;Pavonem cibi gratia Romae primus occidit orator Hortensius aditiali cena sacerdotii.;Pavonem cibi gratia Romae primus occidit orator Hortensius aditiali cena sacerdotii.;0;84;84
Ambigous;cuisine;576;52;"Nostri sapientiores, qui eos iecoris bonitate novere. fartilibus in magnam amplitudinem crescit, exemptum quoque lacte mulso augetur. nec sine causa in quaestione est, quis tantum bonum invenerit, Scipio Metellus vir consularis an Marcus Seius eadem aetate eques Romanus. sed, quod constat, Messalinus Cotta, Messalae oratoris filius, palmas pedum ex iis torrere atque patinis cum gallinaceorum cristis condire repperit; tribuetur enim a me culinis cuiusque palma cum fide.";10;cuisine;"Nostri sapientiores, qui eos iecoris bonitate novere. fartilibus in magnam amplitudinem crescit, exemptum quoque lacte mulso augetur. nec sine causa in quaestione est, quis tantum bonum invenerit, Scipio Metellus vir consularis an Marcus Seius eadem aetate eques Romanus. sed, quod constat, Messalinus Cotta, Messalae oratoris filius, palmas pedum ex iis torrere atque patinis cum gallinaceorum cristis condire repperit; tribuetur enim a me culinis cuiusque palma cum fide.";"Nostri sapientiores, qui eos iecoris bonitate novere. fartilibus in magnam amplitudinem crescit, exemptum quoque lacte mulso augetur. nec sine causa in quaestione est, quis tantum bonum invenerit, Scipio Metellus vir consularis an Marcus Seius eadem aetate eques Romanus. sed, quod constat, Messalinus Cotta, Messalae oratoris filius, palmas pedum ex iis torrere atque patinis cum gallinaceorum cristis condire repperit; tribuetur enim a me culinis cuiusque palma cum fide.";0;473;473
Ambigous;cuisine;596;56;Anserini generis sunt chenalopeces et, quibus lautiores epulas non novit Britannia, chenerotes, fere ansere minores. decet tetraonas suus nitor absolutaque nigritia, in superciliis cocci rubor. alterum eorum genus vulturum magnitudinem excedit, quorum et colorem reddit, nec ulla ales, excepto struthocamelo, maius corpore inplens pondus, in tantum aucta, ut in terra quoque inmobilis prehendatur. gignunt eos Alpes et septentrionalis regio. in vivariis saporem perdunt.;10;cuisine;lautiores epulas;lautiores epulas;46;62;16
Ambigous;cuisine;613;56;Anserini generis sunt chenalopeces et, quibus lautiores epulas non novit Britannia, chenerotes, fere ansere minores. decet tetraonas suus nitor absolutaque nigritia, in superciliis cocci rubor. alterum eorum genus vulturum magnitudinem excedit, quorum et colorem reddit, nec ulla ales, excepto struthocamelo, maius corpore inplens pondus, in tantum aucta, ut in terra quoque inmobilis prehendatur. gignunt eos Alpes et septentrionalis regio. in vivariis saporem perdunt.;10;"cuisine ; animal reserve, vivarium";in vivariis saporem perdunt;in vivariis saporem perdunt;442;469;27
Ambigous;cuisine;623;57;"moriuntur contumacia spiritu revocato. proximae iis sunt quas Hispania aves tardas appellat, Graecia ὠτίδας, damnatas in cibis; emissa enim ossibus medulla odoris taedium extemplo sequitur.";10;cuisine;"damnatas in cibis; emissa enim ossibus medulla odoris taedium extemplo sequitur";"damnatas in cibis; emissa enim ossibus medulla odoris taedium extemplo sequitur";109;188;79
Ambigous;cuisine;651;60;"certum est, Pontum transvolaturas primum omnium angustias petere inter duo promunturia Criu Metopon et Carambim, mox saburra stabiliri; cum medium transierint, abici lapillos e pedibus, cum attigerint continentem, et e gutture harenam. Cornelius Nepos, qui Divi Augusti principatu obiit, cum scriberet turdos paulo ante coeptos saginari, addidit ciconias magis placere quam grues, cum haec nunc ales inter primas expetatur, illam nemo velit attigisse.";10;cuisine;cum scriberet turdos paulo ante coeptos saginari, addidit ciconias magis placere quam grues, cum haec nunc ales inter primas expetatur, illam nemo velit attigisse;cum scriberet turdos paulo ante coeptos saginari, addidit ciconias magis placere quam grues, cum haec nunc ales inter primas expetatur, illam nemo velit attigisse;288;450;162
Ambigous;cuisine;727;69;quod si ventus agmen adverso flatu coepit inhibere, pondusculis lapidum adprehensis aut gutture harena repleto stabilitae volant. coturnicibus veneni semen gratissimus cibus, quam ob causam eas damnavere mensae, simulque comitialem propter morbum despui suetum, quem solae animalium sentiunt praeter hominem.;10;cuisine;veneni semen gratissimus cibus, quam ob causam eas damnavere mensae;veneni semen gratissimus cibus, quam ob causam eas damnavere mensae;143;210;67
Ambigous;cuisine;789;74;"Auctores sunt omnibus annis advolare Ilium ex Aethiopia aves et confligere ad Memnonis tumulum, quas ob id Memnonidas vocant. hoc idem quinto quoque anno facere eas in Aethiopia circa regiam Memnonis, exploratum sibi Cremutius tradit. simili modo pugnant Meleagrides in Boeotia. Africae hoc est gallinarum genus, gibberum, variis sparsum plumis. quae novissimae sunt peregrinarum avium in mensas receptae propter ingratum virus; verum Meleagri tumulus nobiles eas fecit.";10;cuisine;quae novissimae sunt peregrinarum avium in mensas receptae propter ingratum virus;quae novissimae sunt peregrinarum avium in mensas receptae propter ingratum virus;346;427;81
Ambigous;cuisine;1421;133;Phoenicopteri linguam praecipui saporis esse Apicius docuit, nepotum omnium altissimus gurges. attagen maxime Ionius celeber et vocalis alias, captus vero obmutescens, quondam existimatus inter raras aves, iam et in Gallia Hispaniaque. capitur circa Alpes etiam, ubi et phalacrocoraces, avis Baliarium insularum peculiaris, sicut Alpium pyrrhocorax, luteo rostro niger, et praecipua sapore lagopus. pedes leporino villo nomen hoc dedere cetero candidae, columbarum magnitudine.;10;cuisine;linguam praecipui saporis esse Apicius docuit;linguam praecipui saporis esse Apicius docuit;14;59;45
Ambigous;cuisine;1433;133;Phoenicopteri linguam praecipui saporis esse Apicius docuit, nepotum omnium altissimus gurges. attagen maxime Ionius celeber et vocalis alias, captus vero obmutescens, quondam existimatus inter raras aves, iam et in Gallia Hispaniaque. capitur circa Alpes etiam, ubi et phalacrocoraces, avis Baliarium insularum peculiaris, sicut Alpium pyrrhocorax, luteo rostro niger, et praecipua sapore lagopus. pedes leporino villo nomen hoc dedere cetero candidae, columbarum magnitudine.;10;cuisine;praecipua sapore;praecipua sapore;373;389;16
Ambigous;cuisine;1439;134;non extra terram eam vesci facile, quando nec vita mansuescit et corpus ocissime marcescit. est et alia nomine eodem, a coturnicibus magnitudine tantum differens, croceo unctu cibis gratissima. visam in Alpibus ab se peculiarem Aegypti et ibim Egnatius Calvinus praefectus earum prodidit.;10;cuisine;non extra terram eam vesci facile, quando nec vita mansuescit et corpus ocissime marcescit;non extra terram eam vesci facile, quando nec vita mansuescit et corpus ocissime marcescit;0;90;90
Ambigous;cuisine;1444;134;non extra terram eam vesci facile, quando nec vita mansuescit et corpus ocissime marcescit. est et alia nomine eodem, a coturnicibus magnitudine tantum differens, croceo unctu cibis gratissima. visam in Alpibus ab se peculiarem Aegypti et ibim Egnatius Calvinus praefectus earum prodidit.;10;cuisine;croceo unctu cibis gratissima;croceo unctu cibis gratissima;163;192;29
Ambigous;cuisine;1467;135;"Venerunt in Italiam Bedriacensibus bellis civilibus trans Padum et novae aves _ita enim adhuc vocantur_, turdorum specie, paulum infra columbas magnitudine, sapore gratae. Baliares insulae nobiliorem etiam supra dicto porphyrionem mittunt. ibi et buteo accipitrum generis in honore mensarum est, item vibiones; sic vocant minorem gruem.";10;cuisine;"Venerunt in Italiam Bedriacensibus bellis civilibus trans Padum et novae aves _ita enim adhuc vocantur_, turdorum specie, paulum infra columbas magnitudine, sapore gratae. Baliares insulae nobiliorem etiam supra dicto porphyrionem mittunt. ibi et buteo accipitrum generis in honore mensarum est, item vibiones; sic vocant minorem gruem.";"Venerunt in Italiam Bedriacensibus bellis civilibus trans Padum et novae aves _ita enim adhuc vocantur_, turdorum specie, paulum infra columbas magnitudine, sapore gratae. Baliares insulae nobiliorem etiam supra dicto porphyrionem mittunt. ibi et buteo accipitrum generis in honore mensarum est, item vibiones; sic vocant minorem gruem.";0;336;336
Ambigous;cuisine;1523;139;Gallinas saginare Deliaci coepere, unde pestis exorta opimas aves et suopte corpore unctas devorandi. hoc primum antiquis cenarum interdictis exceptum invenio iam lege Gai Fanni consulis undecim annis ante tertium Punicum bellum, ne quid volucre poneretur praeter unam gallinam quae non esset altilis, quod deinde caput translatum per omnes leges ambulavit.;10;cuisine;Gallinas saginare Deliaci coepere, unde pestis exorta opimas aves et suopte corpore unctas devorandi. hoc primum antiquis cenarum interdictis exceptum invenio iam lege Gai Fanni consulis undecim annis ante tertium Punicum bellum, ne quid volucre poneretur praeter unam gallinam quae non esset altilis, quod deinde caput translatum per omnes leges ambulavit.   inventumque deverticulum est in fraudem earum gallinaceos quoque pascendi lacte madidis cibis: multo ita gratiores adprobantur. feminae quidem ad saginam non omnes eliguntur nec nisi in cervice pingui cute. postea culinarum artes, ut clunes spectentur, ut dividantur in tergora, ut a pede uno dilatatae repositoria occupent. dedere et Parthi cocis suos mores. nec tamen in hoc mangonio quicquam totum placet, clune, alibi pectore tantum laudatis.   Aviaria primus instituit inclusis omnium generum avibus M. Laenius Strabo Brundisi equestris ordinis. ex eo coepimus carcere animalia coercere, quibus rerum natura caelum adsignaverat. maxime tamen insignis est in hac memoria Clodii Aesopi, tragici histrionis, patina HS C taxata, in qua posuit aves cantu aliquo aut humano sermone vocales,   HS VI singulas coemptas, nulla alia inductus suavitate nisi ut in iis imitationem hominis manderet, ne quaestus quidem suos reveritus illos opimos et voce meritos, dignus prorsus filio, a quo devoratas diximus margaritas, non sic tamen, ut verum facere velim inter duos iudicium turpitudinis, nisi quod minus est summas rerum naturae opes quam hominum linguas cenasse.;Gallinas saginare Deliaci coepere, unde pestis exorta opimas aves et suopte corpore unctas devorandi. hoc primum antiquis cenarum interdictis exceptum invenio iam lege Gai Fanni consulis undecim annis ante tertium Punicum bellum, ne quid volucre poneretur praeter unam gallinam quae non esset altilis, quod deinde caput translatum per omnes leges ambulavit.;0;357;357
Ambigous;cuisine;1523;140;inventumque deverticulum est in fraudem earum gallinaceos quoque pascendi lacte madidis cibis: multo ita gratiores adprobantur. feminae quidem ad saginam non omnes eliguntur nec nisi in cervice pingui cute. postea culinarum artes, ut clunes spectentur, ut dividantur in tergora, ut a pede uno dilatatae repositoria occupent. dedere et Parthi cocis suos mores. nec tamen in hoc mangonio quicquam totum placet, clune, alibi pectore tantum laudatis.;10;cuisine;Gallinas saginare Deliaci coepere, unde pestis exorta opimas aves et suopte corpore unctas devorandi. hoc primum antiquis cenarum interdictis exceptum invenio iam lege Gai Fanni consulis undecim annis ante tertium Punicum bellum, ne quid volucre poneretur praeter unam gallinam quae non esset altilis, quod deinde caput translatum per omnes leges ambulavit.   inventumque deverticulum est in fraudem earum gallinaceos quoque pascendi lacte madidis cibis: multo ita gratiores adprobantur. feminae quidem ad saginam non omnes eliguntur nec nisi in cervice pingui cute. postea culinarum artes, ut clunes spectentur, ut dividantur in tergora, ut a pede uno dilatatae repositoria occupent. dedere et Parthi cocis suos mores. nec tamen in hoc mangonio quicquam totum placet, clune, alibi pectore tantum laudatis.   Aviaria primus instituit inclusis omnium generum avibus M. Laenius Strabo Brundisi equestris ordinis. ex eo coepimus carcere animalia coercere, quibus rerum natura caelum adsignaverat. maxime tamen insignis est in hac memoria Clodii Aesopi, tragici histrionis, patina HS C taxata, in qua posuit aves cantu aliquo aut humano sermone vocales,   HS VI singulas coemptas, nulla alia inductus suavitate nisi ut in iis imitationem hominis manderet, ne quaestus quidem suos reveritus illos opimos et voce meritos, dignus prorsus filio, a quo devoratas diximus margaritas, non sic tamen, ut verum facere velim inter duos iudicium turpitudinis, nisi quod minus est summas rerum naturae opes quam hominum linguas cenasse.;inventumque deverticulum est in fraudem earum gallinaceos quoque pascendi lacte madidis cibis: multo ita gratiores adprobantur. feminae quidem ad saginam non omnes eliguntur nec nisi in cervice pingui cute. postea culinarum artes, ut clunes spectentur, ut dividantur in tergora, ut a pede uno dilatatae repositoria occupent. dedere et Parthi cocis suos mores. nec tamen in hoc mangonio quicquam totum placet, clune, alibi pectore tantum laudatis.;0;446;446
Ambigous;cuisine;1523;141;Aviaria primus instituit inclusis omnium generum avibus M. Laenius Strabo Brundisi equestris ordinis. ex eo coepimus carcere animalia coercere, quibus rerum natura caelum adsignaverat. maxime tamen insignis est in hac memoria Clodii Aesopi, tragici histrionis, patina HS C taxata, in qua posuit aves cantu aliquo aut humano sermone vocales,;10;cuisine;Gallinas saginare Deliaci coepere, unde pestis exorta opimas aves et suopte corpore unctas devorandi. hoc primum antiquis cenarum interdictis exceptum invenio iam lege Gai Fanni consulis undecim annis ante tertium Punicum bellum, ne quid volucre poneretur praeter unam gallinam quae non esset altilis, quod deinde caput translatum per omnes leges ambulavit.   inventumque deverticulum est in fraudem earum gallinaceos quoque pascendi lacte madidis cibis: multo ita gratiores adprobantur. feminae quidem ad saginam non omnes eliguntur nec nisi in cervice pingui cute. postea culinarum artes, ut clunes spectentur, ut dividantur in tergora, ut a pede uno dilatatae repositoria occupent. dedere et Parthi cocis suos mores. nec tamen in hoc mangonio quicquam totum placet, clune, alibi pectore tantum laudatis.   Aviaria primus instituit inclusis omnium generum avibus M. Laenius Strabo Brundisi equestris ordinis. ex eo coepimus carcere animalia coercere, quibus rerum natura caelum adsignaverat. maxime tamen insignis est in hac memoria Clodii Aesopi, tragici histrionis, patina HS C taxata, in qua posuit aves cantu aliquo aut humano sermone vocales,   HS VI singulas coemptas, nulla alia inductus suavitate nisi ut in iis imitationem hominis manderet, ne quaestus quidem suos reveritus illos opimos et voce meritos, dignus prorsus filio, a quo devoratas diximus margaritas, non sic tamen, ut verum facere velim inter duos iudicium turpitudinis, nisi quod minus est summas rerum naturae opes quam hominum linguas cenasse.;Aviaria primus instituit inclusis omnium generum avibus M. Laenius Strabo Brundisi equestris ordinis. ex eo coepimus carcere animalia coercere, quibus rerum natura caelum adsignaverat. maxime tamen insignis est in hac memoria Clodii Aesopi, tragici histrionis, patina HS C taxata, in qua posuit aves cantu aliquo aut humano sermone vocales,;0;340;340
Ambigous;cuisine;1523;142;HS VI singulas coemptas, nulla alia inductus suavitate nisi ut in iis imitationem hominis manderet, ne quaestus quidem suos reveritus illos opimos et voce meritos, dignus prorsus filio, a quo devoratas diximus margaritas, non sic tamen, ut verum facere velim inter duos iudicium turpitudinis, nisi quod minus est summas rerum naturae opes quam hominum linguas cenasse.;10;cuisine;Gallinas saginare Deliaci coepere, unde pestis exorta opimas aves et suopte corpore unctas devorandi. hoc primum antiquis cenarum interdictis exceptum invenio iam lege Gai Fanni consulis undecim annis ante tertium Punicum bellum, ne quid volucre poneretur praeter unam gallinam quae non esset altilis, quod deinde caput translatum per omnes leges ambulavit.   inventumque deverticulum est in fraudem earum gallinaceos quoque pascendi lacte madidis cibis: multo ita gratiores adprobantur. feminae quidem ad saginam non omnes eliguntur nec nisi in cervice pingui cute. postea culinarum artes, ut clunes spectentur, ut dividantur in tergora, ut a pede uno dilatatae repositoria occupent. dedere et Parthi cocis suos mores. nec tamen in hoc mangonio quicquam totum placet, clune, alibi pectore tantum laudatis.   Aviaria primus instituit inclusis omnium generum avibus M. Laenius Strabo Brundisi equestris ordinis. ex eo coepimus carcere animalia coercere, quibus rerum natura caelum adsignaverat. maxime tamen insignis est in hac memoria Clodii Aesopi, tragici histrionis, patina HS C taxata, in qua posuit aves cantu aliquo aut humano sermone vocales,   HS VI singulas coemptas, nulla alia inductus suavitate nisi ut in iis imitationem hominis manderet, ne quaestus quidem suos reveritus illos opimos et voce meritos, dignus prorsus filio, a quo devoratas diximus margaritas, non sic tamen, ut verum facere velim inter duos iudicium turpitudinis, nisi quod minus est summas rerum naturae opes quam hominum linguas cenasse.;HS VI singulas coemptas, nulla alia inductus suavitate nisi ut in iis imitationem hominis manderet, ne quaestus quidem suos reveritus illos opimos et voce meritos, dignus prorsus filio, a quo devoratas diximus margaritas, non sic tamen, ut verum facere velim inter duos iudicium turpitudinis, nisi quod minus est summas rerum naturae opes quam hominum linguas cenasse.;0;368;368
Ambigous;cuisine;1556;145;avium ova ex calore fragilia, serpentium ex frigore lenta, piscium ex liquore mollia. aquatilium rotunda, reliqua fere fastigio cacuminata. exeunt a rotundissima sui parte, dum pariuntur, molli putamine, sed protinus durescente quibuscumque emergunt portionibus. quae oblonga sint ova, gratioris saporis putat Horatius Flaccus. feminam edunt quae rotundiora gignuntur, reliqua marem. umbilicus ovis a cacumine inest, ceu gutta eminens in putamine.;10;"cuisine ; intellectual authority : Horace (poet)";quae oblonga sint ova, gratioris saporis putat Horatius Flaccus.;quae oblonga sint ova, gratioris saporis putat Horatius Flaccus.;263;327;64
Ambigous;cuisine;1768;166;Inrita ova, quae hypenemia diximus, aut mutua feminae inter se libidinis imaginatione concipiunt aut pulvere, nec columbae tantum, sed et gallinae, perdices, pavones, anseres, chenalopeces. sunt autem sterilia et minora ac minus iucundi saporis et magis umida. quidam et vento putant ea generari, qua de causa etiam zephyria appellant. urina autem vere tantum fiunt incubatione derelicta, quae alii cynosura dixere.;10;cuisine;minus iucundi saporis et magis umida;minus iucundi saporis et magis umida;223;259;36
Ambigous;cuisine;232;31;Dentibus ingens pretium et deorum simulacris lautissima ex his materia. Invenit luxuria commendationem et aliam expetiti in callo manus saporis, haud alia de causa, credo, quam quia ipsum ebur sibi mandere videtur. Magnitudo dentium videtur quidem in templis praecipua, sed tamen in extremis Africae, qua confinis Aethiopiae est, postium vicem in domiciliis praebere saepes que in his et pecorum stabulis pro palis elephantorum dentibus fieri Polybius tradidit auctore Gulusa regulo.;8;"trade : part of animal ; cuisine";Invenit luxuria commendationem et aliam expetiti in callo manus saporis, haud alia de causa, credo, quam quia ipsum ebur sibi mandere videtur;Invenit luxuria commendationem et aliam expetiti in callo manus saporis, haud alia de causa, credo, quam quia ipsum ebur sibi mandere videtur;72;213;141
Ambigous;cuisine;1592;170;"Quaestus ex iis opima praedia exuperat. Notum est in Celtiberia singulas quadringentena milia nummum enixas, mularum maxime partu. Aurium referre in iis et palpebrarum pilos aiunt; quamvis enim unicolori reliquo corpore, totidem tamen colores, quot ibi fuere, reddi. Pullos earum epulari Maecenas instituit, multum eo tempore praelatos onagris. Post eum interiit auctoritas saporis asino. (Moriente visu celerrime id genus deficit.)";8;"nourishment pour Grecs/Romains ; cuisine";Pullos earum epulari Maecenas instituit, multum eo tempore praelatos onagris. Post eum interiit auctoritas saporis asino.;Pullos earum epulari Maecenas instituit, multum eo tempore praelatos onagris. Post eum interiit auctoritas saporis asino.;267;388;121
Ambigous;cuisine;1648;174;Mulae calcitratus inhibetur vini crebriore potu. In plurium Graecorum est monumentis cum equa muli coitu natum quod vocaverint ginnum, id est parvum mulum. Generantur ex equa et onagris mansuefactis mulae veloces in cursu, duritia eximia pedum, verum strigoso corpore, indomito animo. sed generator onagro et asina genitus omnes antecellit. Onagri in Phrygia et Lycaonia praecipui. Pullis eorum ceu praestantibus sapore Africa gloriatur, quos lalisiones appellat.;8;"baby ; use : cuisine";Pullis eorum ceu praestantibus sapore Africa gloriatur, quos lalisiones appellat;Pullis eorum ceu praestantibus sapore Africa gloriatur, quos lalisiones appellat;382;462;80
Ambigous;cuisine;1704;180;Domitura boum in trimatu, postea sera, ante praematura. Optime cum domito iuvencus inbuitur. Socium enim laboris agri que culturae habemus hoc animal, tantae apud priores curae, ut sit inter exempla damnatus a populo Romano die dicta, qui concubino procaci rure omassum edisse se negante occiderat bovem, actus que in exilium tamquam colono suo interempto.;8;cuisine;concubino procaci rure omassum edisse se negante occiderat bovem;concubino procaci rure omassum edisse se negante occiderat bovem;239;303;64
Ambigous;cuisine;1963;209;"Castrantur feminae quoque, sicuti et cameli, post bidui inediam suspensae pernis prioribus vulva recisa; celerius ita pinguescunt. Adhibetur et ars iecori feminarum sicut anserum, inventum M. Apici, fico arida saginatis ac satie necatis repente mulsi potu dato. Neque alio ex animali numerosior materia ganeae: quinquaginta prope sapores, cum ceteris singuli. Hinc censoriarum legum paginae interdicta que cenis abdomina, glandia, testiculi, vulvae, sincipita verrina, ut tamen Publili mimorum poetae cena, postquam servitutem exuerat, nulla memoretur sine abdomine, etiam vocabulo suminis ab eo inposito.";8;"cuisine ; liver ; goose";sicut anserum;sicut anserum;165;178;13
Ambigous;cuisine;1965;209;"Castrantur feminae quoque, sicuti et cameli, post bidui inediam suspensae pernis prioribus vulva recisa; celerius ita pinguescunt. Adhibetur et ars iecori feminarum sicut anserum, inventum M. Apici, fico arida saginatis ac satie necatis repente mulsi potu dato. Neque alio ex animali numerosior materia ganeae: quinquaginta prope sapores, cum ceteris singuli. Hinc censoriarum legum paginae interdicta que cenis abdomina, glandia, testiculi, vulvae, sincipita verrina, ut tamen Publili mimorum poetae cena, postquam servitutem exuerat, nulla memoretur sine abdomine, etiam vocabulo suminis ab eo inposito.";8;"cuisine ; liver";Adhibetur et ars iecori feminarum sicut anserum, inventum M. Apici, fico arida saginatis ac satie necatis repente mulsi potu dato.;Adhibetur et ars iecori feminarum sicut anserum, inventum M. Apici, fico arida saginatis ac satie necatis repente mulsi potu dato.;131;261;130
Ambigous;cuisine;1973;209;"Castrantur feminae quoque, sicuti et cameli, post bidui inediam suspensae pernis prioribus vulva recisa; celerius ita pinguescunt. Adhibetur et ars iecori feminarum sicut anserum, inventum M. Apici, fico arida saginatis ac satie necatis repente mulsi potu dato. Neque alio ex animali numerosior materia ganeae: quinquaginta prope sapores, cum ceteris singuli. Hinc censoriarum legum paginae interdicta que cenis abdomina, glandia, testiculi, vulvae, sincipita verrina, ut tamen Publili mimorum poetae cena, postquam servitutem exuerat, nulla memoretur sine abdomine, etiam vocabulo suminis ab eo inposito.";8;cuisine;Adhibetur et ars iecori feminarum sicut anserum, inventum M. Apici, fico arida saginatis ac satie necatis repente mulsi potu dato. Neque alio ex animali numerosior materia ganeae: quinquaginta prope sapores, cum ceteris singuli. Hinc censoriarum legum paginae interdicta que cenis abdomina, glandia, testiculi, vulvae, sincipita verrina, ut tamen Publili mimorum poetae cena, postquam servitutem exuerat, nulla memoretur sine abdomine, etiam vocabulo suminis ab eo inposito.;Adhibetur et ars iecori feminarum sicut anserum, inventum M. Apici, fico arida saginatis ac satie necatis repente mulsi potu dato. Neque alio ex animali numerosior materia ganeae: quinquaginta prope sapores, cum ceteris singuli. Hinc censoriarum legum paginae interdicta que cenis abdomina, glandia, testiculi, vulvae, sincipita verrina, ut tamen Publili mimorum poetae cena, postquam servitutem exuerat, nulla memoretur sine abdomine, etiam vocabulo suminis ab eo inposito.;131;605;474
Ambigous;cuisine;1979;210;Placuere autem et feri sues. iam Catonis censoris orationes aprunum exprobrant callum. In tres tamen partes diviso media ponebatur, lumbus aprunus appellata. Solidum aprum Romanorum primus in epulis adposuit P. Servilius, pater eius Rulli, qui Ciceronis consulatu legem agrariam promulgavit: tam propinqua origo nunc cotidianae rei est. Et hoc annales notarunt, horum scilicet ad emendationem morum, quibus non tota quidem cena, sed in principio bini terni que pariter manduntur apri.;8;"cuisine ; boar";Placuere autem et feri sues. iam Catonis censoris orationes aprunum exprobrant callum. In tres tamen partes diviso media ponebatur, lumbus aprunus appellata. Solidum aprum Romanorum primus in epulis adposuit P. Servilius, pater eius Rulli, qui Ciceronis consulatu legem agrariam promulgavit: tam propinqua origo nunc cotidianae rei est. Et hoc annales notarunt, horum scilicet ad emendationem morum, quibus non tota quidem cena, sed in principio bini terni que pariter manduntur apri.;Placuere autem et feri sues. iam Catonis censoris orationes aprunum exprobrant callum. In tres tamen partes diviso media ponebatur, lumbus aprunus appellata. Solidum aprum Romanorum primus in epulis adposuit P. Servilius, pater eius Rulli, qui Ciceronis consulatu legem agrariam promulgavit: tam propinqua origo nunc cotidianae rei est. Et hoc annales notarunt, horum scilicet ad emendationem morum, quibus non tota quidem cena, sed in principio bini terni que pariter manduntur apri.;0;484;484
Ambigous;cuisine;2051;217;"Et leporum plura sunt genera. In Alpibus candidi, quibus hibernis mensibus pro cibatu nivem credunt esse; certe liquescente ea rutilescunt annis omnibus, et est alioqui animal intolerandi rigoris alumnum. Leporum generis sunt et quos Hispania cuniculos appellat, fecunditatis innumerae famem que Baliarum insulis populatis messibus adferentis. (Fetus ventri exectos vel uberibus ablatos, non repurgatis interaneis, gratissimo in cibatu habent; laurices vocant) certum est Baliaricos adversus proventum eorum auxilium militare a Divo Augusto petisse.";8;"cuisine ; baby";"Fetus ventri exectos vel uberibus ablatos, non repurgatis interaneis, gratissimo in cibatu habent; laurices vocant";"Fetus ventri exectos vel uberibus ablatos, non repurgatis interaneis, gratissimo in cibatu habent; laurices vocant";345;459;114
Ambigous;cuisine;2106;223;Cum candidi provenere, laetum faciunt ostentum. Nam sauricum occentu dirimi auspicia annales refertos habemus. Saurices et ipsos hieme condi auctor est Nigidius, sicut glires, quos censoriae leges princeps que M. Scaurus in consulatu non alio modo cenis ademere quam conchylia aut ex alio orbe convectas aves.;8;cuisine;censoriae leges princeps que M. Scaurus in consulatu non alio modo cenis ademere quam conchylia aut ex alio orbe convectas aves;censoriae leges princeps que M. Scaurus in consulatu non alio modo cenis ademere quam conchylia aut ex alio orbe convectas aves;181;308;127
Ambigous;cuisine;339;46;tudo, nullis ossibus spinisve intersitis, carne praedulci. in Gange Indiae platanistas vocant, rostro delphini et cauda, magnitudine autem XVI cubitorum. in eodem esse Statius Sebosus haut modico miraculo adfert vermes, branchiis binis sex cubitorum, caeruleos, qui nomen a facie traxerunt. his tantas esse vires, ut elephantos ad potus venientes mordicus comprehensa manu eorum abstrahant.;9;cuisine;carne praedulci;carne praedulci;42;57;15
Ambigous;cuisine;370;48;thynni. hi membratim caesi cervice et abdomine commendantur atque clidio, recenti dumtaxat et tum quoque gravi ructu. cetera parte plenis pulpamentis sale adservantur. melandrya vocantur quercus assulis similia. vilissima ex his quae caudae proxima, quia pingui carent, probatissima quae faucibus. at in alio pisce circa caudam exercitatissima. pelamydes in apolectos particulatimque consectae in genera cybiorum dispertiuntur.;9;cuisine;hi membratim caesi cervice et abdomine commendantur atque clidio, recenti dumtaxat et tum quoque gravi ructu. cetera parte plenis pulpamentis sale adservantur. melandrya vocantur quercus assulis similia. vilissima ex his quae caudae proxima, quia pingui carent, probatissima quae faucibus. at in alio pisce circa caudam exercitatissima. pelamydes in apolectos particulatimque consectae in genera cybiorum dispertiuntur;hi membratim caesi cervice et abdomine commendantur atque clidio, recenti dumtaxat et tum quoque gravi ructu. cetera parte plenis pulpamentis sale adservantur. melandrya vocantur quercus assulis similia. vilissima ex his quae caudae proxima, quia pingui carent, probatissima quae faucibus. at in alio pisce circa caudam exercitatissima. pelamydes in apolectos particulatimque consectae in genera cybiorum dispertiuntur;8;426;418
Ambigous;cuisine;500;61;Postea praecipuam auctoritatem fuisse lupo et asellis Nepos Cornelius et Laberius poeta mimorum tradidere. luporum laudatissimi qui appellantur lanati a candore mollitiaque carnis. asellorum duo genera, callariae minores et bacchi, qui non nisi in alto capiuntur, ideo praelati prioribus. at in lupis in amne capti praeferuntur.;9;"bass ; cuisine ; flesh";luporum laudatissimi qui appellantur lanati a candore mollitiaque carnis;luporum laudatissimi qui appellantur lanati a candore mollitiaque carnis;107;179;72
Ambigous;cuisine;513;63;postea frequentes inveniuntur Italiae litore, non antea ibi capti, admovetque sibi gula sapores piscibus satis et novum incolam mari dedit, ne quis peregrinas aves Romae parere miretur. proxima est mensa iecori dumtaxat mustelarum, quas, mirum dictu, inter Alpis quoque lacus Raetiae Brigantinus aemulas marinis generat.;9;cuisine;admovetque sibi gula sapores piscibus satis;admovetque sibi gula sapores piscibus satis;67;110;43
Ambigous;cuisine;518;63;postea frequentes inveniuntur Italiae litore, non antea ibi capti, admovetque sibi gula sapores piscibus satis et novum incolam mari dedit, ne quis peregrinas aves Romae parere miretur. proxima est mensa iecori dumtaxat mustelarum, quas, mirum dictu, inter Alpis quoque lacus Raetiae Brigantinus aemulas marinis generat.;9;cuisine;proxima est mensa iecori dumtaxat mustelarum;proxima est mensa iecori dumtaxat mustelarum;186;230;44
Ambigous;cuisine;537;65;"vilissimi generis appellant; hunc semper comitatur sargus nomine alius piscis et caenum fodiente eo excitatum devorat pabulum. nec litorariis gratia. laudatissimi conchylium sapiunt. nomen iis Fenestella a colore mulleorum calciamentorum datum putat. pariunt ter annis; certe totiens";9;"animal trade ; cuisine ; CONCHYLIA";laudatissimi conchylium sapiunt;laudatissimi conchylium sapiunt;150;181;31
Ambigous;cuisine;546;66;fetura apparet. mullum expirantem versicolori quadam et numerosa varietate spectari proceres gulae narrant, rubentium squamarum multiplici mutatione pallescentem, utique si vitro spectetur inclusus. M. Apicius, ad omne luxus ingenium natus, in sociorum garo nam ea quoque res cognomen invenit necari eos praecellens putavit atque e iecore eorum allecem excogitare.;9;"cuisine ; historical character : M. Apicius : inventor";M. Apicius, ad omne luxus ingenium natus, in sociorum garo nam ea quoque res cognomen invenit necari eos praecellens putavit atque e iecore eorum allecem excogitare.;M. Apicius, ad omne luxus ingenium natus, in sociorum garo nam ea quoque res cognomen invenit necari eos praecellens putavit atque e iecore eorum allecem excogitare.;199;364;165
Ambigous;cuisine;562;68;"mergit. mullum LXXX librarum in mari Rubro captum Licinius Mucianus prodidit, quanti mercatura eum luxuria suburbanis litoribus inventum? Est et haec natura, ut alii alibi pisces principatum optineant, coracinus in Aegypto, zaeus, idem faber appellatus, Gadibus, circa Ebusum salpa, obscenus alibi et qui nusquam percoqui possit nisi ferula verberatus; in Aquitania salmo fluviatilis marinis omnibus praefertur.";9;cuisine;"Est et haec natura, ut alii alibi pisces principatum optineant, coracinus in Aegypto, zaeus, idem faber appellatus, Gadibus, circa Ebusum salpa, obscenus alibi et qui nusquam percoqui possit nisi ferula verberatus; in Aquitania salmo fluviatilis marinis omnibus praefertur.";"Est et haec natura, ut alii alibi pisces principatum optineant, coracinus in Aegypto, zaeus, idem faber appellatus, Gadibus, circa Ebusum salpa, obscenus alibi et qui nusquam percoqui possit nisi ferula verberatus; in Aquitania salmo fluviatilis marinis omnibus praefertur.";138;411;273
Ambigous;cuisine;837;95;"Locustae crusta fragili muniuntur in eo genere quod caret sanguine. latent mensibus quinis. similiter cancri, qui eodem tempore occultantur, et ambo veris principio senectutem anguium more exuunt renovatione tergorum. cetera in undis natant, locustae reptantium modo fluitant, si nullus ingruat metus, recto meatu, cornibus, quae sunt propria rotunditate praepilata, ad latera porrectis; isdem erectis in pavore oblique in latera procedunt. cornibus inter se dimicant. unum hoc animalium, nisi vivum ferventi";9;cuisine;nisi vivum ferventi   aqua incoquatur;nisi vivum ferventi;489;508;19
Ambigous;cuisine;837;96;aqua incoquatur, fluida carne non habet callum. vivunt petrosis locis, cancri mollibus. hieme aprica litora sectantur, aestate in opaca gurgitum recedunt. omnia eius generis hieme laeduntur, autumno et vere pinguescunt et plenilunio magis, quia noctes sidus tepido fulgore mitificat.;9;cuisine;nisi vivum ferventi   aqua incoquatur;aqua incoquatur;0;15;15
Ambigous;cuisine;893;100;"scorpiones narratur in sicco. ex eodem genere sunt echini, quibus spinae pro pedibus. ingredi est iis in orbem volvi, itaque detritis saepe aculeis inveniuntur. ex his echinometrae appellantur quorum spinae longissimae, calyces minimi. nec omnibus idem vitreus color. circa Toronen candidi nascuntur, spina parva. ova omnium amara, quina numero. ora in medio corpore in terram versa. tradunt saevitiam maris praesagire eos correptisque opperiri lapillis, mobilitatem pondere stabilientes; nolunt volutatione spinas atterere. quod ubi videre nautici, statim pluribus ancoris navigia infrenant.";9;cuisine;amara;amara;325;330;5
Ambigous;cuisine;911;101;In eodem genere cocleae aquatiles terrestresque, exerentes se domicilio binaque ceu cornua protendentes contrahentesque, oculis carent, itaque corniculis praetemptant iter. pectines in mari ex eodem genere habentur, reconditi et ipsi magnis frigoribus ac magnis aestibus, unguesque velut igne lucentes in tenebris, etiam in ore mandentium.;9;cuisine;etiam in ore mandentium;etiam in ore mandentium;315;338;23
Ambigous;cuisine;927;104;Sed quid haec tam parva commemoro, cum populatio morum atque luxuria non aliunde maior quam e concharum genere proveniat? iam quidem ex tota rerum natura damnosissimum ventri mare est tot modis, tot mensis, tot piscium saporibus, quis pretia capientium periculo fiunt.;9;cuisine;damnosissimum ventri mare est tot modis, tot mensis, tot piscium saporibus, quis pretia capientium periculo fiunt.;damnosissimum ventri mare est tot modis, tot mensis, tot piscium saporibus, quis pretia capientium periculo fiunt.;154;268;114
Ambigous;cuisine;931;105;sed quota haec portio est reputantibus purpuras, conchylia, margaritas! parum scilicet fuerat in gulas condi maria, nisi manibus, auribus, capite totoque corpore a feminis iuxta virisque gestarentur. quid mari cum vestibus, quid undis fluctibusque cum vellere? non recte recipit haec nos rerum natura nisi nudos? esto, sit tanta ventri cum eo societas: quid tergori? parum est, nisi qui vescimur periculis etiam vestiamur? adeo per totum corpus anima hominis quaesita maxime placent.;9;"cuisine ; habitat : sea";in gulas condi maria;in gulas condi maria;94;114;20
Ambigous;cuisine;1036;119;"vicisse malit? nec haec summa luxuriae exempla sunt. duo fuere maximi uniones per omne aevum; utrumque possedit Cleopatra, Aegypti reginarum novissima, per manus orientis regum sibi traditos. haec, cum exquisitis cotidie Antonius saginaretur epulis, superbo simul ac procaci fastu, ut regina meretrix lautitiam eius omnem apparatumque obtrectans, quaerente eo, quid adstrui magnificentiae posset, respondit";9;"anecdote ; trade of animal product ; cuisine";"nec haec summa luxuriae exempla sunt. duo fuere maximi uniones per omne aevum; utrumque possedit Cleopatra, Aegypti reginarum novissima, per manus orientis regum sibi traditos. haec, cum exquisitis cotidie Antonius saginaretur epulis, superbo simul ac procaci fastu, ut regina meretrix lautitiam eius omnem apparatumque obtrectans, quaerente eo, quid adstrui magnificentiae posset, respondit   una se cena centiens HS absumpturam. cupiebat discere Antonius, sed fieri posse non arbitrabatur. ergo sponsionibus factis postero die, quo iudicium agebatur, magnificam alias cenam, ne dies periret, sed cotidianam, Antonio apposuit inridenti computationemque expostulanti. at illa corollarium id esse et consumpturam eam cenam taxationem confirmans solamque se centiens HS cenaturam, inferri mensam secundam iussit. ex praecepto ministri unum tantum vas ante eam posuere aceti, cuius asperitas visque in   tabem margaritas resolvit. gerebat auribus cum maxime singulare illud et vere unicum naturae opus. itaque expectante Antonio, quidnam esset actura, detractum alterum mersit ac liquefactum obsorbuit. iniecit alteri manum L. Plancus, iudex sponsionis eius, eum quoque parante simili modo absumere, victumque Antonium pronuntiavit omine rato. comitatur fama unionis eius parem, capta illa tantae quaestionis victrice regina, dissectum, ut esset in utrisque Veneris auribus Romae in Pantheo dimidia eorum cena.   non ferent hanc palmam spoliabunturque etiam luxuriae gloria. prior id fecerat Romae in unionibus magnae taxationis Clodius, tragoedi Aesopi filius, relictus ab eo in amplis opibus heres, ne triumviratu suo nimis superbiat Antonius paene histrioni comparatus, et quidem nulla sponsione ad hoc producto (quo magis regium fiat), sed ut experiretur in gloriam palati, quidnam saperent margaritae. atque ut mire placuere, ne solus hoc sciret, singulos uniones convivis quoque absorbendos dedit.";"nec haec summa luxuriae exempla sunt. duo fuere maximi uniones per omne aevum; utrumque possedit Cleopatra, Aegypti reginarum novissima, per manus orientis regum sibi traditos. haec, cum exquisitis cotidie Antonius saginaretur epulis, superbo simul ac procaci fastu, ut regina meretrix lautitiam eius omnem apparatumque obtrectans, quaerente eo, quid adstrui magnificentiae posset, respondit";15;406;391
Ambigous;cuisine;1036;120;una se cena centiens HS absumpturam. cupiebat discere Antonius, sed fieri posse non arbitrabatur. ergo sponsionibus factis postero die, quo iudicium agebatur, magnificam alias cenam, ne dies periret, sed cotidianam, Antonio apposuit inridenti computationemque expostulanti. at illa corollarium id esse et consumpturam eam cenam taxationem confirmans solamque se centiens HS cenaturam, inferri mensam secundam iussit. ex praecepto ministri unum tantum vas ante eam posuere aceti, cuius asperitas visque in;9;"anecdote ; trade of animal product ; cuisine";"nec haec summa luxuriae exempla sunt. duo fuere maximi uniones per omne aevum; utrumque possedit Cleopatra, Aegypti reginarum novissima, per manus orientis regum sibi traditos. haec, cum exquisitis cotidie Antonius saginaretur epulis, superbo simul ac procaci fastu, ut regina meretrix lautitiam eius omnem apparatumque obtrectans, quaerente eo, quid adstrui magnificentiae posset, respondit   una se cena centiens HS absumpturam. cupiebat discere Antonius, sed fieri posse non arbitrabatur. ergo sponsionibus factis postero die, quo iudicium agebatur, magnificam alias cenam, ne dies periret, sed cotidianam, Antonio apposuit inridenti computationemque expostulanti. at illa corollarium id esse et consumpturam eam cenam taxationem confirmans solamque se centiens HS cenaturam, inferri mensam secundam iussit. ex praecepto ministri unum tantum vas ante eam posuere aceti, cuius asperitas visque in   tabem margaritas resolvit. gerebat auribus cum maxime singulare illud et vere unicum naturae opus. itaque expectante Antonio, quidnam esset actura, detractum alterum mersit ac liquefactum obsorbuit. iniecit alteri manum L. Plancus, iudex sponsionis eius, eum quoque parante simili modo absumere, victumque Antonium pronuntiavit omine rato. comitatur fama unionis eius parem, capta illa tantae quaestionis victrice regina, dissectum, ut esset in utrisque Veneris auribus Romae in Pantheo dimidia eorum cena.   non ferent hanc palmam spoliabunturque etiam luxuriae gloria. prior id fecerat Romae in unionibus magnae taxationis Clodius, tragoedi Aesopi filius, relictus ab eo in amplis opibus heres, ne triumviratu suo nimis superbiat Antonius paene histrioni comparatus, et quidem nulla sponsione ad hoc producto (quo magis regium fiat), sed ut experiretur in gloriam palati, quidnam saperent margaritae. atque ut mire placuere, ne solus hoc sciret, singulos uniones convivis quoque absorbendos dedit.";una se cena centiens HS absumpturam. cupiebat discere Antonius, sed fieri posse non arbitrabatur. ergo sponsionibus factis postero die, quo iudicium agebatur, magnificam alias cenam, ne dies periret, sed cotidianam, Antonio apposuit inridenti computationemque expostulanti. at illa corollarium id esse et consumpturam eam cenam taxationem confirmans solamque se centiens HS cenaturam, inferri mensam secundam iussit. ex praecepto ministri unum tantum vas ante eam posuere aceti, cuius asperitas visque in;0;504;504
Ambigous;cuisine;1036;121;tabem margaritas resolvit. gerebat auribus cum maxime singulare illud et vere unicum naturae opus. itaque expectante Antonio, quidnam esset actura, detractum alterum mersit ac liquefactum obsorbuit. iniecit alteri manum L. Plancus, iudex sponsionis eius, eum quoque parante simili modo absumere, victumque Antonium pronuntiavit omine rato. comitatur fama unionis eius parem, capta illa tantae quaestionis victrice regina, dissectum, ut esset in utrisque Veneris auribus Romae in Pantheo dimidia eorum cena.;9;"anecdote ; trade of animal product ; cuisine";"nec haec summa luxuriae exempla sunt. duo fuere maximi uniones per omne aevum; utrumque possedit Cleopatra, Aegypti reginarum novissima, per manus orientis regum sibi traditos. haec, cum exquisitis cotidie Antonius saginaretur epulis, superbo simul ac procaci fastu, ut regina meretrix lautitiam eius omnem apparatumque obtrectans, quaerente eo, quid adstrui magnificentiae posset, respondit   una se cena centiens HS absumpturam. cupiebat discere Antonius, sed fieri posse non arbitrabatur. ergo sponsionibus factis postero die, quo iudicium agebatur, magnificam alias cenam, ne dies periret, sed cotidianam, Antonio apposuit inridenti computationemque expostulanti. at illa corollarium id esse et consumpturam eam cenam taxationem confirmans solamque se centiens HS cenaturam, inferri mensam secundam iussit. ex praecepto ministri unum tantum vas ante eam posuere aceti, cuius asperitas visque in   tabem margaritas resolvit. gerebat auribus cum maxime singulare illud et vere unicum naturae opus. itaque expectante Antonio, quidnam esset actura, detractum alterum mersit ac liquefactum obsorbuit. iniecit alteri manum L. Plancus, iudex sponsionis eius, eum quoque parante simili modo absumere, victumque Antonium pronuntiavit omine rato. comitatur fama unionis eius parem, capta illa tantae quaestionis victrice regina, dissectum, ut esset in utrisque Veneris auribus Romae in Pantheo dimidia eorum cena.   non ferent hanc palmam spoliabunturque etiam luxuriae gloria. prior id fecerat Romae in unionibus magnae taxationis Clodius, tragoedi Aesopi filius, relictus ab eo in amplis opibus heres, ne triumviratu suo nimis superbiat Antonius paene histrioni comparatus, et quidem nulla sponsione ad hoc producto (quo magis regium fiat), sed ut experiretur in gloriam palati, quidnam saperent margaritae. atque ut mire placuere, ne solus hoc sciret, singulos uniones convivis quoque absorbendos dedit.";tabem margaritas resolvit. gerebat auribus cum maxime singulare illud et vere unicum naturae opus. itaque expectante Antonio, quidnam esset actura, detractum alterum mersit ac liquefactum obsorbuit. iniecit alteri manum L. Plancus, iudex sponsionis eius, eum quoque parante simili modo absumere, victumque Antonium pronuntiavit omine rato. comitatur fama unionis eius parem, capta illa tantae quaestionis victrice regina, dissectum, ut esset in utrisque Veneris auribus Romae in Pantheo dimidia eorum cena.;0;506;506
Ambigous;cuisine;1036;122;non ferent hanc palmam spoliabunturque etiam luxuriae gloria. prior id fecerat Romae in unionibus magnae taxationis Clodius, tragoedi Aesopi filius, relictus ab eo in amplis opibus heres, ne triumviratu suo nimis superbiat Antonius paene histrioni comparatus, et quidem nulla sponsione ad hoc producto (quo magis regium fiat), sed ut experiretur in gloriam palati, quidnam saperent margaritae. atque ut mire placuere, ne solus hoc sciret, singulos uniones convivis quoque absorbendos dedit.;9;"anecdote ; trade of animal product ; cuisine";"nec haec summa luxuriae exempla sunt. duo fuere maximi uniones per omne aevum; utrumque possedit Cleopatra, Aegypti reginarum novissima, per manus orientis regum sibi traditos. haec, cum exquisitis cotidie Antonius saginaretur epulis, superbo simul ac procaci fastu, ut regina meretrix lautitiam eius omnem apparatumque obtrectans, quaerente eo, quid adstrui magnificentiae posset, respondit   una se cena centiens HS absumpturam. cupiebat discere Antonius, sed fieri posse non arbitrabatur. ergo sponsionibus factis postero die, quo iudicium agebatur, magnificam alias cenam, ne dies periret, sed cotidianam, Antonio apposuit inridenti computationemque expostulanti. at illa corollarium id esse et consumpturam eam cenam taxationem confirmans solamque se centiens HS cenaturam, inferri mensam secundam iussit. ex praecepto ministri unum tantum vas ante eam posuere aceti, cuius asperitas visque in   tabem margaritas resolvit. gerebat auribus cum maxime singulare illud et vere unicum naturae opus. itaque expectante Antonio, quidnam esset actura, detractum alterum mersit ac liquefactum obsorbuit. iniecit alteri manum L. Plancus, iudex sponsionis eius, eum quoque parante simili modo absumere, victumque Antonium pronuntiavit omine rato. comitatur fama unionis eius parem, capta illa tantae quaestionis victrice regina, dissectum, ut esset in utrisque Veneris auribus Romae in Pantheo dimidia eorum cena.   non ferent hanc palmam spoliabunturque etiam luxuriae gloria. prior id fecerat Romae in unionibus magnae taxationis Clodius, tragoedi Aesopi filius, relictus ab eo in amplis opibus heres, ne triumviratu suo nimis superbiat Antonius paene histrioni comparatus, et quidem nulla sponsione ad hoc producto (quo magis regium fiat), sed ut experiretur in gloriam palati, quidnam saperent margaritae. atque ut mire placuere, ne solus hoc sciret, singulos uniones convivis quoque absorbendos dedit.";non ferent hanc palmam spoliabunturque etiam luxuriae gloria. prior id fecerat Romae in unionibus magnae taxationis Clodius, tragoedi Aesopi filius, relictus ab eo in amplis opibus heres, ne triumviratu suo nimis superbiat Antonius paene histrioni comparatus, et quidem nulla sponsione ad hoc producto (quo magis regium fiat), sed ut experiretur in gloriam palati, quidnam saperent margaritae. atque ut mire placuere, ne solus hoc sciret, singulos uniones convivis quoque absorbendos dedit.;0;490;490
Ambigous;cuisine;1166;143;Quo magis miror quosdam existimasse aquatilibus nullum inesse sensum. novit torpedo vim suam ipsa non torpens, mersaque in limo se occultat, piscium qui securi supernatantes obtorpuere corripiens. -huius iecori teneritas nulla praefertur. -nec minor sollertia ranae, quae in mari piscatrix vocatur. eminentia sub oculis cornicula turbato limo exerit, adsultantibus pisciculis praetrahens, donec;9;"liver ; cuisine";huius iecori teneritas nulla praefertur;huius iecori teneritas nulla praefertur;198;237;39
Ambigous;cuisine;1466;168;Ostrearum vivaria primus omnium Sergius Orata invenit in Baiano aetate L. Crassi oratoris ante Marsicum bellum, nec gulae causa, sed avaritiae, magna vectigalia tali ex ingenio suo percipiens, ut qui primus pensiles invenerit balineas, ita mangonicatas villas subinde vendendo. is primus optimum saporem ostreis Lucrinis adiudicavit, quando eadem aquatilium genera aliubi atque aliubi meli-;9;cuisine;nec gulae causa;nec gulae causa;112;127;15
Ambigous;cuisine;1470;168;Ostrearum vivaria primus omnium Sergius Orata invenit in Baiano aetate L. Crassi oratoris ante Marsicum bellum, nec gulae causa, sed avaritiae, magna vectigalia tali ex ingenio suo percipiens, ut qui primus pensiles invenerit balineas, ita mangonicatas villas subinde vendendo. is primus optimum saporem ostreis Lucrinis adiudicavit, quando eadem aquatilium genera aliubi atque aliubi meli-;9;"oyster ; cuisine";optimum saporem ostreis Lucrinis adiudicavit;optimum saporem ostreis Lucrinis adiudicavit;288;332;44
Ambigous;cuisine;1481;168;Ostrearum vivaria primus omnium Sergius Orata invenit in Baiano aetate L. Crassi oratoris ante Marsicum bellum, nec gulae causa, sed avaritiae, magna vectigalia tali ex ingenio suo percipiens, ut qui primus pensiles invenerit balineas, ita mangonicatas villas subinde vendendo. is primus optimum saporem ostreis Lucrinis adiudicavit, quando eadem aquatilium genera aliubi atque aliubi meli-;9;cuisine;optimum saporem ostreis Lucrinis adiudicavit, quando eadem aquatilium genera aliubi atque aliubi meli-   ora, sicut lupi pisces in Tiberi amne inter duos pontes, rhombus Ravennae, murena in Sicilia, elops Rhodi, et alia genera similiter, ne culinarum censura peragatur. nondum Britannica serviebant litora, cum Orata Lucrina nobilitabat. postea visum tanti in extremam Italiam petere Brundisium ostreas, ac, ne lis esset inter duos sapores, nuper excogitatum famem longae advectionis a Brundisio conpascere in Lucrino.;optimum saporem ostreis Lucrinis adiudicavit, quando eadem aquatilium genera aliubi atque aliubi meli-;288;390;102
Ambigous;cuisine;1481;169;ora, sicut lupi pisces in Tiberi amne inter duos pontes, rhombus Ravennae, murena in Sicilia, elops Rhodi, et alia genera similiter, ne culinarum censura peragatur. nondum Britannica serviebant litora, cum Orata Lucrina nobilitabat. postea visum tanti in extremam Italiam petere Brundisium ostreas, ac, ne lis esset inter duos sapores, nuper excogitatum famem longae advectionis a Brundisio conpascere in Lucrino.;9;cuisine;optimum saporem ostreis Lucrinis adiudicavit, quando eadem aquatilium genera aliubi atque aliubi meli-   ora, sicut lupi pisces in Tiberi amne inter duos pontes, rhombus Ravennae, murena in Sicilia, elops Rhodi, et alia genera similiter, ne culinarum censura peragatur. nondum Britannica serviebant litora, cum Orata Lucrina nobilitabat. postea visum tanti in extremam Italiam petere Brundisium ostreas, ac, ne lis esset inter duos sapores, nuper excogitatum famem longae advectionis a Brundisio conpascere in Lucrino.;ora, sicut lupi pisces in Tiberi amne inter duos pontes, rhombus Ravennae, murena in Sicilia, elops Rhodi, et alia genera similiter, ne culinarum censura peragatur. nondum Britannica serviebant litora, cum Orata Lucrina nobilitabat. postea visum tanti in extremam Italiam petere Brundisium ostreas, ac, ne lis esset inter duos sapores, nuper excogitatum famem longae advectionis a Brundisio conpascere in Lucrino.;0;413;413
Ambigous;cuisine;1489;171;Murenarum vivarium privatim excogitavit ante alios C. Hirrius, qui cenis triumphalibus Caesaris dictatoris sex milia numero murenarum mutua appendit. nam permutare quidem pretio noluit aliave merce. huius villam;9;"cuisine ; historical character : Cesar";cenis triumphalibus Caesaris dictatoris sex milia numero murenarum mutua appendit. nam permutare quidem pretio noluit aliave merce;cenis triumphalibus Caesaris dictatoris sex milia numero murenarum mutua appendit. nam permutare quidem pretio noluit aliave merce;67;197;130
Ambigous;cuisine;1537;177;vivere eos adprobante. circa eandem Heracleam [eodemque] Lyco amne decedente ovis relictis in limo generari pisces, qui ad pabula petenda palpitent exiguis branchiis, quo fieri non indigos umoris, propter quod et anguillas diutius vivere exemptas aquis, ova autem in sicco maturari ut testudinum. eadem in Ponti regione adprehendi glacie piscium maxime gobiones non nisi patinarum calore vitalem motum fatentes.;9;cuisine;non nisi patinarum calore vitalem motum fatentes;non nisi patinarum calore vitalem motum fatentes;362;410;48
Ambigous;cuisine;1539;178;et in his quidem, tametsi mirabilis, est tamen aliqua ratio. idem tradit in Paphlagonia effodi pisces gratissimos cibis terrenos altis scrobibus in iis locis, in quibus nullae restagnent aquae, miraturque et ipse gigni sine coitu: umoris quidem vim aliquam inesse quam puteis arbitratur, ceu vero in ullis reperiantur pisces. quicquid est hoc, certe minus admirabilem talparum facit vitam, subterranei animalis, nisi forte vermium terrenorum et his piscibus natura inest.;9;"cuisine ;";pisces gratissimos cibis;pisces gratissimos cibis;95;119;24
Ambigous;cuisine;1570;184;Concharum e genere sunt dactyli, ab humanorum unguium similitudine appellati. his natura in tenebris remoto lumine alio fulgere claro et, quanto magis umorem habeant, lucere in ore mandentium, lucere in manibus atque etiam in solo ac veste decidentibus guttis, ut procul dubio pateat, suci illam naturam esse, quam miraremur etiam in corpore.;9;cuisine;lucere in ore mandentium;lucere in ore mandentium;167;191;24
